0,product
1,
2,enchilada sauce tomatoes
3,captcha screenshot
4,item
5,
6,bottle
7,item
8,color
9,Surface look clean
10,
11,sodium content food
12,
13,kind of drink
14,flavor
15,color skirt
16,money table
17,product
18,
19,information pictures
20,game
21,label
22,
23,movie
24,piece of mail
25,picture
26,
27,string
28,
29,
30,
31,box
32,nice table chairs color furniture
33,dosage information visible label medication bottle
34,low cut
35,screen
36,money
37,brand
38,CD
39,seasoning
40,bar code
41,kind of jerky
42,
43,spice
44,
45,
46,
47,languages box movie
48,
49,
50,flavor yogurt
51,cookie dough
52,
53,card
54,
55,
56,pattern color
57,Test
58,syrup bottle
59,picture
60,
61,type of chips
62,color
63,kind of things kind of stuff picture
64,flavor
65,
66,instant pudding flavor
67,kind of chips
68,screen
69,
70,display
71,expiration date
72,Ok hope time kind of soup
73,
74,jar
75,Good morning right hand Thanks assistance
76,kind of soda
77,kind of drink
78,
79,Speedo logo swimming hat
80,
81,light
82,type of food jar
83,
84,service
85,
86,color
87,favorite dog
88,island
89,
90,headphones photo
91,Guy
92,type of tree
93,
94,bottle
95,contents tube
96,
97,water
98,phone camera page
99,spice
0,kind of snacks
1,title book
2,golf course logo
3,money
4,
5,thing
6,shirt
7,melatonin bottle vicodin bottle bottle i'm
8,
9,chest board chest piece
10,sky
11,calories bottle of beer
12,
13,
14,kind of coffee
15,butter
16,colors
17,
18,expiration date box
19,screen
20,information whiskey Glenburgie Cragganmore label
21,
22,color
23,
24,bottle
25,expiration date milk
26,
27,color
28,Whats
29,shirt
30,item
31,right hand Pepsi Coke Root Beer soft drink
32,battery status
33,book
34,picture
35,
36,
37,kind of box
38,kind of soda
39,
40,box
41,
42,
43,pouch B
44,kind of tea
45,
46,tablet
47,refrigerator
48,picture shirt
49,kind of clock time
50,
51,picture
52,kind of coffee tea
53,bottle
54,kind of soda
55,tube
56,
57,outside box
58,coin
59,type of pills bottle
60,flavor of juice
61,
62,color
63,student planner
64,
65,color
66,
67,kind of popsicle
68,
69,color shirt
70,
71,whats
72,
73,
74,CD
75,
76,Whats
77,soap
78,item
79,photo
80,captcha image
81,text card
82,
83,
84,color
85,basket
86,logo
87,flavor
88,
89,
90,instructions product
91,
92,
93,game
94,
95,
96,
97,flavor Gevalia coffee
98,kind
99,
0,instructions chicken patties
1,
2,screen
3,button
4,color
5,purple
6,box
7,
8,
9,color
10,kind of alcohol
11,
12,type of bottle
13,
14,
15,lunch
16,
17,screen
18,image
19,tea ring boat
20,instructions
21,bottle
22,
23,money
24,computer screen
25,
26,display treadmill distance miles
27,Windows Mac laptop
28,Question mark label
29,right hand
30,color
31,color
32,screen
33,picture Description
34,screen
35,list
36,time
37,color
38,brand product
39,
40,Number
41,coffee mug
42,generic Zoloft
43,bag
44,product
45,
46,
47,brand
48,
49,label meat pack hamburger sausage
50,
51,kind of menu television
52,
53,
54,
55,color shirt
56,color candle
57,bottle label magnesium
58,instructions vitamin C
59,
60,flavor
61,
62,color
63,color beads
64,kind of coffee
65,color
66,expiration date
67,type of card
68,kind of candy bar
69,box
70,
71,color
72,
73,expiration date
74,color
75,
76,shop
77,type of pop
78,kind of car
79,shampoo
80,piano book right
81,product
82,temperature
83,
84,
85,kind of currency
86,paper
87,green beans
88,brand headphones
89,color
90,scent
91,color
92,Testing testing Question
93,DVD
94,chair
95,microwave
96,kind of computer
97,item
98,pictures question product
99,title DVD
0,sodium content food
1,
2,box
3,
4,CD
5,headache
6,bottle
7,flavor dressing
8,color
9,
10,snack
11,product
12,
13,
14,wall
15,color
16,
17,
18,buttons picture
19,
20,
21,Blackberry phone
22,flavor
23,kind of granola bar
24,color
25,flavor drink
26,favorite baseball team
27,shirt
28,kind of bottle liquor
29,brand
30,
31,color
32,printed material
33,
34,color
35,
36,color
37,computer screen
38,light
39,video game
40,
41,
42,mail
43,kind of bar
44,
45,picture
46,Wanna moment time
47,money
48,bottle medicine
49,
50,
51,guys great job kind of soda
52,date milk
53,sunglasses reading glasses
54,page number
55,
56,color
57,brand
58,
59,model number label
60,flavor
61,scale
62,light gray color
63,
64,
65,
66,brand air conditioner
67,time steps i
68,item
69,screen button
70,
71,instructions
72,character
73,rainbow
74,kind of coffee
75,decaffeinated coffee
76,
77,label package
78,
79,table
80,
81,Iphone
82,sky photo
83,
84,manufacturer model number CC TV
85,
86,
87,title book
88,
89,
90,hold progress
91,image
92,chocolate
93,clouds
94,color pants
95,flavor
96,
97,cloth pattern picture t-shirt
98,temperature i whats
99,
0,
1,CD
2,item
3,kind of buns
4,
5,instructions thanks bottle
6,picture
7,
8,medicine
9,kind of milk
10,picture
11,menu
12,
13,
14,description shirt
15,bottle
16,key configuration mode prompt
17,
18,shot
19,DVD
20,
21,meal
22,color
23,
24,
25,battery acid kind of bottle
26,computer
27,bandanna
28,whipped cream
29,kind of vitamins
30,bottle
31,bottle
32,
33,salt sodium level ingredients package Thanks
34,kind
35,picture
36,bottle
37,kind of card
38,carbohydrates bar
39,color
40,item
41,package
42,gentlemen video
43,expiration date
44,color glasses
45,big storm clouds
46,sugar bag
47,
48,kind of wine
49,kind of soda
50,color
51,jar
52,picture
53,
54,black braille book flowered blanket
55,cd
56,card
57,testing
58,color
59,package names
60,color kind of pattern
61,bottle
62,grey clouds sky
63,movie
64,question noisy environments
65,color
66,color shape
67,color
68,taxi receipt
69,color
70,color tiles
71,red color left right
72,brand
73,
74,
75,expiring date cream
76,
77,
78,message
79,
80,picture
81,type of soup
82,product
83,
84,
85,
86,kind of cologne
87,photo
88,type of soup
89,beer
90,box of pudding mix period chocolate vanilla
91,kind of product
92,
93,bag print
94,
95,color
96,bottle
97,Facebook Thanks
98,kind
99,directions
0,
1,item
2,
3,
4,paper
5,text
6,package
7,Way
8,
9,
10,color pair of pants
11,color
12,
13,color
14,color
15,
16,refried beans right
17,dog label Mom
18,
19,flavor
20,picture
21,sim phone Galaxy Nexus
22,
23,paper
24,item
25,
26,type of insect
27,money
28,size jeans
29,computer screen
30,color
31,
32,item
33,item
34,expiration date
35,color
36,screen
37,calories
38,
39,MX602A model number mixture FX
40,manufacturer serial number device
41,title book
42,kind of item Mini fans
43,
44,color
45,kind of dog
46,
47,
48,sky
49,
50,dayquil
51,object
52,color clouds sky
53,flavor coffee
54,
55,bottle
56,
57,
58,label
59,product
60,expiration date item
61,
62,Good morning christmas earring
63,
64,
65,
66,box
67,washing machine cycle permanent press towels picture
68,
69,number
70,photo
71,picture
72,item
73,brand
74,color blue shade of blue
75,pictures hours certain time
76,item
77,
78,flavor watermelon
79,
80,
81,screen
82,computer screen
83,bottle
84,fiber calories directions
85,tin
86,type of food Thanks
87,
88,
89,regular chips vinegar chips salt
90,flavor
91,flavor
92,pocket
93,kind of beer
94,
95,
96,color
97,microwave
98,contents
99,color
0,color
1,expiration date egg
2,windows
3,Good morning label jar
4,flavor cookies bag kind
5,
6,
7,tracking number
8,screen sound whats
9,bottle
10,kind of soda
11,hamburger
12,
13,
14,
15,picture
16,tube label
17,pouch
18,tea
19,
20,flavor
21,
22,dark
23,food item
24,BOX
25,
26,product picture
27,bottle
28,label
29,kind of pizza
30,
31,page number
32,screen
33,color
34,
35,shirt
36,color
37,authorization code account
38,
39,
40,kind of soda
41,different flavors people labels wrong way Arizona tea Thanks
42,card
43,
44,color fat
45,
46,color
47,packet
48,
49,
50,kind of soda
51,picture
52,
53,
54,color
55,
56,
57,directions box
58,video screen shot
59,kind of cleaner
60,
61,medication
62,
63,
64,object
65,box
66,
67,
68,kind of dog
69,color
70,object
71,right containers
72,
73,
74,
75,color
76,
77,color
78,piece of beef freezer
79,
80,object
81,
82,
83,
84,channel
85,shampoo
86,flavor roni
87,Thanks
88,stones beads
89,duplication of DNA
90,
91,permanent press towels washing machine
92,shirt
93,
94,spice
95,new TV screen
96,item
97,computer
98,flavor of coffee
99,date
0,drink
1,color
2,color
3,
4,words captcha image whats
5,color
6,kind of candy bar
7,brand of perfume
8,
9,
10,
11,
12,label
13,
14,packet bouillon water
15,item
16,arrows
17,
18,Thanks
19,
20,thermometer picture reading Thanks
21,
22,product
23,box
24,color dress
25,color
26,picture
27,kind of hot pocket
28,
29,shirt
30,product
31,color telephone
32,kind of milk
33,
34,color pen voice
35,kind of vitamins
36,salt sodium ingredients pack of noodles
37,color
38,
39,item
40,box
41,
42,
43,spice
44,box
45,
46,page
47,kind of beer
48,product
49,color pants
50,kind of pop
51,decaf coffee
52,
53,
54,item
55,captcha image picture
56,color drink
57,kind of beer
58,
59,color
60,thing
61,kind of ring
62,
63,computer monitor
64,picture
65,word Balm B usher container
66,
67,cereal
68,temperature
69,picture
70,flavor
71,item
72,type of seed hand
73,cooking instructions
74,picture coffeemaker buttons switch
75,
76,object
77,
78,canned item camera expiration date good method image
79,
80,
81,color
82,brand
83,product
84,kind of cookies
85,
86,cereal box
87,
88,kind of coffee
89,color
90,air conditioner air conditioning
91,
92,
93,shirt Thanks
94,
95,
96,picture different bracelet time black onyx
97,colors picture
98,USB connector VGA connector middle right left KVM switch
99,types of clouds picture
0,toes person
1,player
2,
3,bag
4,thermostat
5,color polish
6,bottle
7,item
8,kind of Jimmy Deans breakfast sandwiches
9,picture
10,lapel pen
11,
12,t-shirt
13,color
14,kind of motor oil
15,t-shirt
16,pudding
17,
18,drink
19,
20,color
21,label meat pack
22,color
23,directions box
24,color
25,kind Cup
26,
27,Pop tarts
28,item
29,brand
30,color
31,jeans blood stains
32,number needle
33,right hand
34,kind of Kool-Aid
35,
36,photo
37,product
38,box
39,soups right
40,
41,item box
42,
43,
44,
45,expiration date
46,Piece of paper print
47,logo shirt record deal
48,
49,
50,kind of wine
51,
52,DVD
53,Akai Deep penetrating product
54,kind of phone
55,
56,
57,
58,
59,picture machine borer make model number
60,Eric Aiden's book
61,
62,socks
63,bus pass
64,color
65,color
66,
67,shirt
68,item package
69,box
70,
71,
72,nutritional information packet
73,kind of car
74,kind of peanut butter
75,card
76,help
77,color
78,expiration yogurt
79,buttons
80,plain white t-shirt
81,tin
82,flavor
83,object
84,kind of soup
85,brand variety
86,product
87,time
88,text computer screen
89,Testing
90,
91,expiration date
92,iPhone new case camera's
93,color
94,
95,kind digit id number i'm didnt card
96,box
97,lap
98,buttons indicator lights LED lights
99,flavor of coffee
0,product
1,
2,box
3,
4,chili cheese fritos
5,kind of soup automatic web thing variety of place bunch of people
6,
7,kind of cigarettes
8,weather
9,microwave
10,soda
11,shampoo
12,
13,food item
14,
15,question entries
16,
17,picture
18,ingredients
19,time
20,expiration date
21,
22,food envelope
23,CD
24,Hello label
25,box
26,scent
27,spice Whats Thanks
28,TV
29,
30,
31,color
32,
33,flavor
34,KIND OF WINE
35,color
36,title
37,
38,bottle
39,conditioner
40,
41,product
42,
43,book
44,logos
45,floor
46,colors pair of socks
47,oven temperature setting
48,
49,type of beer
50,
51,kind of drink
52,item
53,
54,product
55,color paint
56,time different coffees tanzania Thanks
57,
58,Miss
59,
60,color skirt
61,
62,
63,jar
64,Kraft Catalina Class Kraft Catalina Fat Free
65,color braclet
66,
67,flavor
68,perfume
69,contents
70,
71,computer screen
72,box
73,calories bottle
74,bottle
75,shirt
76,
77,box
78,
79,
80,
81,description television
82,color ball of wool
83,kind of bottle
84,kind of water
85,color hard drive
86,
87,bottle
88,kind of coffee
89,
90,tin
91,bottle
92,color
93,favor
94,color
95,item
96,picture guy cane hand
97,
98,Color
99,
0,kind of tree
1,color
2,Color
3,color
4,screen
5,flavor soda
6,kind of pills bottle
7,instructions shampoo bottle
8,expiration date
9,jar
10,medicine
11,
12,
13,
14,
15,kind of pills
16,coffee thing picture
17,flavor of tea glass jar
18,
19,
20,color
21,number
22,temperature
23,
24,directions Schwann product
25,product
26,right direction thing item
27,
28,kind of flowers
29,red car
30,
31,
32,gold sweater
33,
34,item
35,color pants
36,item
37,
38,color
39,kind of tomatoes
40,
41,design
42,
43,kind of pills
44,
45,text screen items menu
46,
47,
48,DVD
49,box
50,strawberry cereal bars Apple cinnamon
51,color
52,color
53,Audio book
54,color
55,question
56,color
57,kind of multipurpose sprayer
58,color
59,controls
60,names buttons
61,sticker card photo text
62,color
63,logo
64,item
65,kind of hot pockets
66,
67,logo tshirt
68,test
69,color coffee mug
70,
71,perfume sample
72,cleaning product
73,biscuits
74,
75,blue RX number digit number bottle of medication
76,picture
77,product
78,words
79,screen
80,design t-shirt
81,color shirt
82,kind of doll
83,kind of drink
84,
85,dinner
86,herb
87,pill
88,kind of dinner
89,light Ipad color
90,kind of pills
91,
92,scenery
93,
94,bottle
95,
96,brand of tea
97,expiration date
98,jar
99,
0,bottle
1,
2,bottle
3,kind of creamer
4,kind of meat package
5,TV dresser
6,product sauce
7,title book
8,chess piece
9,kind of keyboard
10,
11,food item
12,prominent stains shirt
13,kind of plant
14,thingee
15,
16,bottle
17,product
18,package
19,kind of flavor
20,flavor TV dinner
21,cards right
22,
23,number card
24,color
25,box
26,kind of drink
27,
28,iPhone
29,
30,
31,
32,email
33,
34,color
35,kind of tea coffee
36,type of cheese
37,
38,Creamer
39,expiration date carton of milk
40,
41,brand washer
42,answer
43,product
44,types of flower
45,whats
46,color people
47,
48,item
49,numbers item
50,card orientation
51,temperature display set
52,
53,
54,wine
55,item
56,information
57,color
58,color
59,coffee table
60,object
61,
62,smartphone
63,fabric
64,
65,
66,clouds
67,color bracelet
68,colors garment
69,temperature screen
70,
71,
72,shampoo
73,
74,kind of beer
75,kind of logging tool
76,sky picture
77,words captured image translation
78,air fan
79,TV
80,package of chocolates
81,packet of Mccormicks chili seasoning directions
82,
83,money
84,picture good screen phone text
85,jar
86,
87,note
88,bottle
89,
90,
91,card
92,
93,box
94,
95,
96,brand of sunglasses
97,color
98,type of vegetable
99,
0,
1,line list
2,
3,package
4,
5,
6,
7,
8,
9,
10,instruction manual gift sort item
11,
12,time
13,red wine
14,kind of controller
15,card orientation
16,bottle
17,
18,water hamburger helper milk
19,Iphone camera DVD
20,color shoe
21,type of tea
22,movie
23,kind of oatmeal
24,color
25,
26,picture
27,test
28,vacuum switches dial mop settings
29,
30,stripes shirt grey
31,
32,
33,picture
34,club
35,
36,product
37,kind of sauce
38,kind
39,colors
40,food
41,
42,screen
43,
44,
45,guy
46,photo
47,
48,
49,color
50,
51,peroxide
52,expiration date
53,package of coffee
54,
55,kind of wine
56,
57,
58,button finger
59,
60,computer
61,kind of Sam Adam's
62,start button dishwasher panel left
63,row of keys number left
64,brand better way instructions lasagna
65,cd
66,brand beer
67,color
68,order
69,
70,temperature thermostat
71,kind of dog
72,vegetable
73,bottle of lotion shampoo conditioner item
74,
75,
76,computer screen
77,kind of lotion item
78,
79,
80,answer CAPTCHA
81,number screen
82,monitor
83,size diapers
84,color
85,book
86,
87,
88,thermostat
89,item
90,
91,
92,title book
93,
94,Entire nation
95,product
96,kind of beer
97,type of mccains meal
98,thing color
99,kind of drink
0,
1,normal cycle washing machine permanent press
2,screen
3,guys picture crackers Fireworks
4,
5,hand
6,price wall flower vase
7,Si se
8,picture wall
9,
10,
11,
12,box
13,picture
14,flavor cereal
15,
16,girl
17,device
18,logo cap
19,flavor description
20,flavor soup
21,scale registers advance
22,box
23,color
24,card
25,spice
26,product kitchen floor
27,
28,flavor
29,type of mouthwash
30,color
31,emblem
32,
33,text summary website image
34,fortune cookie
35,
36,kind dog
37,kind of coffee
38,
39,
40,black cat
41,item
42,color
43,CD
44,flavor Keurig Cup
45,bag
46,
47,card hand
48,
49,readings thermostat
50,note
51,image
52,letter wall
53,
54,
55,
56,
57,kind of soup
58,product
59,color
60,
61,
62,kind of soup
63,Color
64,coffee cause apple cider things chocolate stuff
65,shirt
66,bottle
67,upside
68,
69,tablets
70,cell phone number card
71,
72,image kind of drink
73,
74,item
75,power unit run
76,object picture
77,picture
78,
79,kind cup
80,doors
81,color
82,
83,
84,kind of coffee
85,picture
86,box
87,kind of book
88,noise
89,white chocolate milk chocolate buttons
90,picture print speaker brand
91,kinds of cheese american cheddar
92,
93,kind of flower
94,bill
95,city
96,flavor
97,color
98,color iPod dock question
99,Thanks
0,vegetables
1,lotion shampoo
2,storm clouds rain clouds
3,test works box
4,DVD
5,label
6,vegetable
7,
8,flavor coffee
9,computer screen
10,flavor
11,
12,
13,dinner
14,
15,treadmill display distance
16,
17,
18,expiration date
19,expiration date
20,
21,ballcap
22,fingers
23,box of food
24,model of NOAH weather radio
25,expiration date bus pass
26,color
27,new toy
28,
29,
30,
31,face look
32,
33,kind of coffee
34,product
35,
36,jar
37,
38,black coffee
39,kind of books shelf
40,time clock
41,night day cream
42,
43,DVD
44,guys shirt
45,
46,brand
47,color
48,
49,letters CAPTCHA image
50,box
51,box
52,
53,color
54,flavor Chobani Greek yogurt
55,
56,kind of beer
57,beter CD
58,soda
59,bubble bath lotion
60,screen
61,
62,
63,
64,visible text screen
65,type of spice
66,color patter
67,currency
68,progress
69,
70,
71,jar
72,color
73,book
74,currency
75,kind of chocolate
76,number
77,
78,lettuce bag salad Thanks
79,color
80,brand pocket knife
81,
82,color
83,
84,kind of beer
85,shirt
86,item
87,
88,type of spice
89,glass
90,box corn
91,box
92,serial number model number clothes dryer
93,kind of wine
94,
95,kind of yogurt
96,
97,time
98,
99,
0,
1,bath gel
2,color
3,color t-shirt
4,
5,kind of coffee
6,picture
7,object
8,
9,
10,candy
11,
12,kind of chips
13,
14,container Albert babe
15,green beans
16,
17,lotion
18,serial number sticker
19,
20,
21,item
22,calorie information fiber
23,
24,
25,
26,product
27,flavor of iced tea
28,
29,time
30,color shirt
31,bottle
32,
33,microwave
34,cartoon character piece of paper sheet text
35,directions
36,week blackberries
37,
38,
39,food
40,colors
41,kind of beer
42,item
43,
44,
45,clothes dirty
46,flavor
47,color
48,canned chilli
49,color
50,
51,color
52,color
53,
54,kind of soup
55,number card
56,number
57,
58,
59,hand
60,kind meal
61,kind of cereal
62,time program test Thanks
63,color
64,color cloth
65,bag
66,
67,evaporated milk
68,display
69,country
70,product
71,product
72,color writing
73,bottle of Febreze
74,flavor
75,microwave
76,cereal
77,
78,kind of food
79,
80,
81,
82,
83,color skirt
84,
85,scent Bath
86,mail
87,color
88,air conditioner air conditioning fan
89,shirt color lighting conditions text thanks
90,color
91,scene
92,
93,
94,thermometer
95,bakery
96,
97,CD
98,box
99,
0,microwave dish
1,expiration date milk
2,
3,boxes bottles
4,package
5,
6,money
7,comment
8,
9,bore
10,
11,address
12,flavor
13,kind of pizza
14,price
15,machine
16,kind of cleaner
17,
18,box
19,color white
20,
21,type of canned good
22,dosage information
23,kind of drink
24,Vitamins
25,
26,color
27,player baseball team
28,goofy girl
29,package
30,soap brand
31,
32,color
33,cologne
34,
35,brand
36,
37,people bus
38,kind of frozen food Thanks
39,type of savings discount card
40,ghost chief
41,
42,color
43,
44,Record pane
45,picture kind of logo bus
46,directions
47,
48,words pictures
49,
50,kind of soda
51,plant
52,expiration date
53,
54,
55,bag
56,color
57,photo
58,type of pills
59,item
60,
61,cats dogs
62,
63,color
64,
65,
66,color
67,temperature silly thermostat
68,colors disabled person's stickers bear Thanks
69,Axe Deodorant
70,kind of juice
71,wine bottle
72,screen
73,box
74,
75,thing
76,
77,theme
78,picture
79,
80,color
81,email address business card
82,
83,envelope
84,time display
85,wireless headphones color lights Thanks
86,
87,
88,
89,
90,nutritional value crackers
91,
92,
93,
94,item
95,pot pie sodium content box
96,fingers
97,kind of gift card
98,color
99,cooking instructions packet
0,
1,frequency display
2,
3,title book
4,time
5,skirt black
6,brand of cigarettes
7,color shirt
8,outfit match
9,material paper
10,kind of vitamins
11,Quarter
12,chemicals
13,computer monitor idea screen information
14,colors color ID's shirt Thanks
15,
16,
17,calories
18,serial number piece
19,kind of dog
20,flavor
21,
22,thermostat set air conditioner heater status temperature
23,product
24,
25,
26,item
27,bottle
28,flavor of coffee
29,microwave
30,
31,
32,color
33,color
34,
35,
36,container right
37,picture
38,box
39,milk
40,item
41,metal square coffee table
42,box
43,paper
44,
45,color
46,item
47,Fahrenheit temperature Thanks
48,
49,cooking time oven
50,video
51,restaurant ketchup
52,color
53,
54,
55,buttons microwave
56,picture
57,shirt
58,
59,display treadmill distance miles
60,box
61,kind of candy
62,kind of chips
63,picture
64,color
65,Label
66,color shirt
67,page Avon book
68,drink
69,picture security code screen
70,ounces
71,year
72,screen
73,soda
74,number Cd's
75,picture
76,title
77,bottle
78,color
79,Brand
80,kind of ice cream
81,
82,
83,color
84,
85,Kind of sandwich
86,kind of coffee box answer
87,title
88,
89,
90,
91,
92,
93,Thanks help
94,card
95,pretzel bars protein bars
96,
97,kind of supplement
98,aphid fertilizer roses
99,
0,Tea
1,
2,color
3,kind of dog
4,kind of coffee
5,
6,
7,
8,temperature
9,
10,chair
11,
12,
13,kind of wine
14,color
15,computer
16,expiration date
17,size cup
18,
19,amd flavor of coffee
20,
21,apple
22,
23,
24,shirt
25,minutes conventional oven temperature pizza
26,kind of beer
27,
28,game
29,big chart
30,
31,
32,
33,kind of water
34,
35,game
36,kind of pills
37,
38,picture
39,snack
40,product
41,bottle
42,color
43,color
44,kind of popcorn
45,contents jar
46,
47,code
48,Title book
49,color
50,tie
51,color shirt
52,tube of creme
53,product
54,
55,
56,inner circle buttons
57,tshirt color
58,whats
59,color
60,
61,picture blanket
62,color
63,
64,
65,bottle
66,
67,
68,color
69,
70,
71,
72,computer monitor message
73,bed
74,picture
75,code
76,item
77,
78,
79,restaurant
80,words building
81,
82,
83,ibuprofen
84,
85,
86,hair spray skin
87,
88,shirt multicolors
89,convectional oven temperature number of minutes time effort
90,kind of vitamins
91,
92,
93,movie
94,type brand
95,
96,years old directions
97,color
98,item
99,
0,title book
1,stone ipa stone smoked porter
2,text
3,kind of cereal
4,screen
5,kind of chocolate bar
6,light
7,
8,color
9,
10,captcha
11,bottle
12,box photo
13,box
14,
15,kind of popcorn
16,box
17,color type of deodorant lid
18,drink
19,
20,
21,fingers
22,scale
23,bottle
24,bill
25,warnings bottle
26,kind of chips
27,
28,tag brand thanks
29,picture screen
30,page Avon book
31,
32,thermostat
33,package light
34,bus stop
35,
36,
37,kind of cereal
38,Hola hola
39,kind of bug
40,
41,conventional oven instructions frozen dinner holes film
42,blank answer Michelle
43,
44,
45,color
46,kind of dollar bill money
47,
48,item
49,item
50,product
51,
52,
53,
54,
55,
56,black pants black skirt
57,light
58,
59,
60,kind of soft drink
61,picture
62,
63,
64,product
65,microwave
66,color
67,
68,
69,lap
70,flavor coffee
71,
72,
73,shirt
74,t-shirt
75,Office
76,
77,
78,
79,microwave
80,shirt
81,newspaper table
82,display treadmill distance miles
83,color
84,material color picture
85,temperature thermostat
86,food
87,bottle
88,
89,microwave
90,shoe color
91,
92,
93,
94,brand of pizza
95,crock pot setting
96,
97,
98,display
99,color
0,digital play paper serial number ID sort
1,
2,flavor of ice cream
3,color
4,
5,color
6,color
7,color
8,tin
9,
10,
11,flavor
12,bottle
13,
14,
15,
16,temperature
17,item
18,spice
19,dial minutes
20,kind of drink
21,kind of potatoes
22,picture
23,
24,
25,
26,kind of cake
27,
28,kind of soup
29,print bag
30,kind of coffee
31,camera thing label
32,bottle
33,kind of tequila
34,
35,screen
36,jar
37,kind
38,microwave
39,
40,money
41,
42,
43,color
44,
45,iPhone
46,
47,
48,kind of cigarettes
49,season
50,bottle
51,picture boat switch
52,writing box
53,box security question blurry words
54,kind of coffee
55,jar
56,color shirt
57,
58,kind of clock
59,color shirt
60,raspberry ketones
61,item
62,packet of chocolates
63,
64,spice Thanks
65,line negative lines positive pregnancy test
66,better picture way
67,mote
68,color
69,color
70,flavor
71,photo
72,box
73,expiration date milk
74,
75,try Thanks
76,kind of bathing suit
77,product package
78,
79,
80,crock pot set
81,oven temperature setting
82,colors
83,wHATS
84,box
85,product
86,color
87,
88,
89,label bottle
90,grams of salt container
91,book
92,button
93,inch measurement
94,
95,
96,heavy cycle clicks
97,color
98,color of yarn
99,shirt
0,
1,
2,model of guitar
3,
4,
5,
6,glass window
7,text blister pack
8,Color
9,kind of dog
10,type of soda
11,
12,
13,computer screen answer word
14,color
15,particular item table
16,screen
17,system
18,flavor soup
19,
20,package
21,T-shirt
22,accent
23,
24,item
25,color
26,
27,
28,twelfths following expression
29,products
30,Timothy's Coffee Tim Horton's cup
31,color
32,
33,DVD
34,birds trees
35,
36,flavor of tea
37,sky
38,label
39,chess piece picture
40,
41,document
42,floor wet
43,
44,T-shirt
45,box
46,bottle
47,text paper
48,card readable
49,information
50,
51,
52,cup
53,picture
54,case DVD
55,
56,kind of Hot Pockets
57,purple-ish colored lines
58,color
59,
60,wine
61,
62,CD
63,kind of suit
64,
65,CD
66,
67,expiration date
68,
69,color
70,brand flavor
71,color
72,flavor
73,package
74,
75,cans camera tuna
76,
77,
78,
79,
80,color
81,piece of paper
82,type of soup
83,flavor
84,item
85,
86,microwave dinner
87,baby footprint animal footprint baby gift
88,text
89,game
90,
91,flavor soup
92,
93,
94,
95,cookies
96,box
97,
98,screen
99,
0,card im
1,color
2,product
3,thing
4,photo event dates
5,
6,
7,
8,READABLE TEXT WINDOW SCREEN
9,expiration date bus pass better picture Thanks
10,package
11,Thanks
12,oven
13,
14,type of wine
15,shampoo
16,flavor sandwich
17,product
18,color socks
19,kind of flowers
20,
21,tin
22,box
23,notice
24,
25,tin
26,microwave
27,color
28,
29,flavor Smirnoff Ice
30,kind of coffee
31,
32,type of deodorant
33,product study
34,
35,serial number Thanks
36,color
37,
38,
39,shirt
40,color
41,sheet music
42,page number
43,pictures items
44,contents thing
45,
46,
47,color
48,socks match
49,item
50,color
51,laptop
52,kind of medicine
53,
54,frozen dinner lasagna
55,
56,
57,item
58,Coke machine Diet Pepsi button
59,good picture dial cycle
60,
61,
62,temperature thermostat
63,CD
64,bottle
65,expiration date
66,dog
67,contents jar better image
68,toilet
69,expiration date milk
70,product
71,shirt i'm trouble
72,color
73,menu
74,bag
75,kind of meal
76,bottle
77,kind of drink
78,
79,lights
80,box label
81,answers Sorry i didnt baby jar
82,
83,product
84,cooking instructions - microwave
85,label bottle
86,kind of microphone
87,box
88,picture
89,box
90,
91,
92,color
93,product
94,flavor
95,
96,expiration date
97,cooker set
98,sour cream
99,barcode packet
0,kind of headphones
1,type of nail
2,product
3,number display
4,white cane
5,kind of salad dressing
6,
7,color
8,size
9,
10,kind of soda
11,
12,flavor
13,
14,
15,screen
16,design
17,bottle
18,expiration date milk carton
19,
20,
21,temperature
22,title
23,
24,
25,
26,color
27,brochure
28,shade of red bag
29,sig
30,product
31,text
32,
33,booklet CD
34,color
35,expiration date almond milk
36,brand
37,expiration date
38,song
39,
40,kind of medicine
41,kind of bottle
42,
43,
44,
45,
46,detailed formation picture
47,condiment
48,soda
49,type of fruit net weight brand
50,color
51,kind of cookies
52,
53,
54,kind of soda
55,
56,
57,brand of chicken breasts package
58,color
59,
60,kind of Ballast Point beer way
61,bottle
62,
63,device
64,kind of TV dinner
65,item
66,screen
67,product
68,bottle
69,title
70,
71,flavor of coffee
72,crockpot nob
73,
74,judicial decision prize winning candy person
75,kind of coffee
76,kind of soda
77,color
78,box
79,item
80,product
81,tea
82,jars right
83,kind of phone
84,
85,title
86,
87,color
88,logo
89,lighting face visible model number device
90,cooking instructions
91,color
92,
93,
94,
95,cable
96,
97,product
98,microwave
99,kind of juice
0,i'm hand
1,
2,
3,sign
4,item
5,Brooklyn Beans coffee flavor
6,bottle
7,buttons
8,
9,
10,dinner
11,color
12,movie
13,order shampoo conditioner
14,caption image photo
15,
16,
17,picture
18,shirt
19,
20,
21,
22,right bananas
23,app Biz Wiz type of drink picture
24,kind of tree
25,time clock
26,title book
27,
28,mode washing machine
29,picture sofa
30,ingredients box
31,product
32,weight
33,
34,color
35,
36,
37,shirt look
38,color
39,kind of wine
40,
41,box
42,
43,
44,expiration date
45,color shirt
46,serving
47,type of body spray
48,photo
49,
50,limits
51,color pants
52,picture
53,card
54,
55,
56,seasoning
57,time
58,participant Carla Gilbread clothing study
59,kind of sandwich
60,kind of chips
61,
62,brand phone
63,
64,whats bottle
65,
66,packages right
67,
68,kind of juice bottle
69,
70,label lead
71,color
72,
73,
74,kind of soup
75,bottle product
76,
77,sign
78,item number
79,Eastern Time Zone
80,
81,jar
82,
83,oven flat panel
84,keys
85,color
86,
87,pitcher
88,type of medication
89,object
90,
91,pants black
92,kind of tea coffee
93,color
94,color
95,jar
96,labels buttons
97,kind of spice
98,kind of soup
99,kind pack of soda
0,door open
1,
2,
3,kind of coffee
4,shirt
5,
6,
7,
8,rutabaga idea beet thanks
9,
10,brand
11,
12,bottle
13,
14,
15,
16,hamburger sausage label trouble
17,kind of plant
18,
19,beer
20,color
21,
22,kind of gum
23,kind
24,temperature thermostat
25,flavor of microwave popcorn
26,
27,color
28,description photo
29,logo
30,box of drinks
31,color
32,blood pressure
33,picture
34,sausage package ground beef label
35,product
36,instructions bottle
37,kind of cleaner
38,expiration date
39,eye drop
40,instructions medicine bottle
41,brand of water water brand type of water time
42,
43,bottle
44,kind of pizza
45,note
46,
47,
48,color
49,product
50,
51,color of curtains
52,
53,package
54,serving sodium salt
55,bottle
56,time
57,
58,camera picture charger
59,
60,snack
61,little score color jacket
62,title book
63,
64,picture
65,time
66,computer screen
67,writing computer screen
68,color sneaker
69,
70,
71,types of seeds
72,color
73,writing buttons
74,color
75,Shirt stripes
76,microwave
77,meat
78,
79,bottle
80,color
81,
82,
83,
84,
85,
86,tag
87,
88,serial number
89,color
90,photo
91,guys
92,kind of coffee
93,kind of soup
94,picture
95,pants shirt
96,box
97,hell microwave
98,kind of spray bottle
99,
0,
1,product
2,kind of dog
3,color
4,box
5,
6,
7,restaurant
8,drug paraphernalia sexual toy
9,Period smile comma book
10,kind of tea
11,
12,animal
13,box
14,terms of words pictures shirt stains
15,color
16,jar
17,spice
18,
19,highest number
20,cart number
21,color
22,kind of potatoes
23,
24,
25,product key
26,
27,color
28,
29,Record
30,logo
31,
32,kind of green
33,
34,color
35,
36,kind of radio
37,item
38,CD
39,test door
40,box
41,shirt
42,package
43,color
44,microwave screen
45,screen
46,southern pecan hazelnut coffee
47,
48,color
49,label
50,
51,canola cooking spray
52,
53,
54,kind of dog
55,color chips
56,
57,box
58,
59,size
60,bottle
61,
62,
63,black thing
64,product
65,
66,
67,weight
68,flavor of coffee
69,scent
70,
71,movie
72,chair
73,color
74,refills
75,t-shirt
76,
77,guy colored shirt photo wearing
78,flight computer screen
79,
80,
81,thing
82,kind of dog
83,kind of milk
84,box
85,mouse brand
86,
87,bottle
88,
89,kind of coffee
90,
91,color
92,
93,source image
94,object
95,jacket overall description color kind of clothes pair of jeans
96,kind of soup
97,sweetened chocolate
98,bottle
99,
0,CD
1,card
2,
3,shoe
4,
5,record button Jerry item
6,gift card
7,picture
8,brownie portion sort of thing water egg milk ratio parts instructions
9,writing
10,
11,food
12,
13,flavor
14,color
15,color hard drive
16,product
17,denomination
18,color
19,
20,package Asian market shop label
21,item
22,assistance
23,color
24,
25,Whoops
26,flavor of coffee
27,bottle
28,container
29,bottle
30,
31,kind of computer
32,es bolt
33,label meat package
34,letters screen
35,food
36,
37,
38,color
39,temperature
40,screen
41,cola
42,Thanks
43,spice
44,value artwork
45,
46,kind of laptop
47,color
48,
49,answer
50,Food item
51,
52,
53,coffee
54,kind of toothpaste
55,
56,
57,bottle
58,kind of creamer
59,page number
60,
61,
62,
63,box
64,
65,box
66,microwave
67,title
68,
69,tag
70,
71,color
72,brand model
73,
74,color
75,logo
76,
77,
78,
79,Manufacturer
80,color
81,color
82,
83,guys
84,
85,sort of cowgirl jewelry clothing accessory
86,image Google street view description
87,test
88,brand
89,bottle
90,picture
91,pregnancy test positive
92,kind of plant
93,color
94,color
95,
96,screen
97,item
98,digit code security code card Thanks
99,digit ID number card
0,type of design container color
1,catalog
2,
3,
4,arrow button
5,product ingredients
6,album way
7,color
8,time
9,expiration date
10,picture
11,
12,right ton order row keys
13,
14,place
15,line
16,color
17,things dosage information brand
18,
19,slow cooker timer
20,black cat chip
21,oven temperature control setup
22,kind of soda
23,
24,kind of shaving cream
25,picture
26,temperature
27,
28,
29,computer screen
30,person
31,box of candy kind
32,Speaker card
33,fish
34,
35,
36,tube label
37,
38,
39,kind of mushrooms
40,flavor coffee
41,box
42,item
43,sugar
44,socks match
45,
46,kind of yogurt flavor
47,
48,temperature thermostat
49,color
50,kind of chips
51,
52,
53,digit code
54,
55,Color
56,kind of pop
57,time
58,tag shirt
59,
60,product
61,baking instructions
62,color
63,contents container
64,picture
65,key code office jacket
66,
67,kind
68,box
69,kind of goldfish crackers
70,
71,expiration date
72,color
73,
74,color
75,color sofa
76,baby's shirt
77,box
78,kind of food plate
79,object
80,sweatshirt brown
81,product
82,type of tea
83,box
84,page number
85,color
86,
87,
88,
89,sneakers match
90,
91,picture
92,
93,Id Good morning color shirt
94,number
95,microwave
96,bottle
97,ingredients pizza brand
98,
99,caption
0,
1,album
2,kind of watch
3,
4,box
5,expiration date yogurt
6,magazine
7,kind of cat
8,description christmas tree ornament
9,
10,
11,
12,Atari
13,title book
14,type of macaroni directions
15,
16,
17,percent download
18,item
19,directions
20,
21,cooking instructions wanna
22,
23,Wednesday's date
24,
25,input selector mode selector power thanks right remote control relation buttons
26,brand of noodles
27,
28,use
29,engine red
30,word captcha image
31,game
32,
33,button
34,label dosage information bottle
35,
36,Queen of Clubs Thanks
37,color shirt
38,picture
39,soda
40,dog
41,item
42,
43,couch color
44,label
45,screen
46,patter colors
47,
48,CD
49,color
50,bottle
51,
52,picture
53,sausage
54,box
55,
56,fingertips blue
57,t-shirt
58,thing
59,instructions cream
60,bottle
61,discount card
62,woman's pattern colors
63,
64,
65,packet
66,wife's decorating
67,cinnamon
68,kind of Keurig cup
69,perfume bottle
70,color
71,green beans corn
72,
73,box
74,color
75,item
76,Thanks bye wine
77,
78,color
79,scent
80,color
81,Kind of beer
82,
83,
84,
85,
86,company history Flash information corporate website type of business
87,box
88,cans
89,light blue turquoise
90,package
91,space
92,
93,type of package
94,flavor of coffee
95,jar
96,CD
97,
98,information wine label
99,kind of dog
0,cat
1,
2,type of chicken
3,beverage
4,color
5,computer
6,
7,
8,
9,title book
10,8X8 pan size box instructions
11,color
12,
13,makeup products line differences boxes glitters
14,SAID
15,
16,package
17,color
18,desk
19,
20,
21,
22,brand
23,
24,
25,brand peanut
26,box
27,
28,
29,kind of essential oil
30,
31,closet door detailed description
32,
33,brand model
34,
35,game
36,
37,color
38,expiration date
39,kind of baby ganics bathroom tile purpose floor
40,
41,bottle
42,
43,
44,
45,
46,hard workers
47,
48,flavor of curry cup
49,mold cheese
50,
51,
52,
53,flavor of soda
54,Eric's fence
55,temperature oven
56,product
57,language
58,scent of gain detergent
59,
60,box
61,jar
62,
63,
64,screen
65,
66,logo
67,text
68,color
69,
70,
71,color
72,color shirt
73,kind of pudding
74,label bottle
75,kind of shirt
76,kind of word
77,
78,T-shirt
79,
80,number
81,letter
82,lights
83,sodium product
84,pillow
85,picture wall
86,number
87,
88,kind of chips
89,color cup
90,product
91,eye drop
92,shirt
93,type of soda
94,color
95,
96,temperature thermostat
97,wood frame right area swing
98,
99,flavor of Coke button
0,
1,title audio book
2,screen
3,
4,black pants blood stains
5,beer
6,color
7,type of spice
8,
9,book
10,
11,title CD
12,dial
13,
14,earphone's brand print
15,
16,flavor
17,kind of shoe color size
18,COLOR
19,corridor
20,table number
21,box
22,
23,item
24,kind of Keurig cup
25,canned good item
26,light keyboard
27,kind of coffee
28,guitar strings acoustic
29,Color
30,
31,iOS5 iPod touch
32,maple leaf
33,bucket
34,kind of dinner
35,
36,carbohydrates beverage
37,photograph
38,box
39,kind cup
40,box
41,
42,box
43,t-shirt
44,red packet table
45,night tablets instructions packet day identifying information
46,
47,flavor
48,flavor of coffee
49,
50,page
51,kind of beer
52,label item number picture
53,color time
54,code
55,buttons crock pot time
56,color
57,outfit
58,product
59,title book
60,
61,flavor
62,kind of meat
63,TV button
64,picture phone color
65,bottle product
66,pajamas
67,
68,
69,
70,milk baby bottle
71,
72,color
73,screen computer
74,mechanical turk worker Thanks help works Wiz
75,test
76,
77,jar
78,
79,
80,flavor
81,kind of food
82,product
83,expiration date
84,kind of line
85,capture
86,
87,corn
88,
89,matt
90,
91,type of Kleenexes
92,brand of headphones print man Exclamation point
93,
94,kind of tv dinner
95,card
96,Color
97,shirt Ohio State symbol color
98,
99,
0,
1,product
2,product
3,box
4,
5,color
6,temperature oven
7,
8,answer
9,air conditioner dehumidifier
10,
11,picture color
12,logo
13,color
14,color
15,
16,color
17,
18,cooking instructions pie
19,kind of medicine
20,screen
21,kind day
22,flavor of coffee
23,
24,kind of drink
25,
26,
27,
28,fruit
29,
30,screen
31,color shirt
32,expiration date box
33,writing
34,type of plant
35,chance
36,color skin
37,questions
38,
39,color
40,kind of cologne
41,
42,color
43,item
44,card orientation
45,kind of soda
46,captcha
47,hard drive scan disk state computer desk
48,instructions visible
49,kind of candy bar
50,kind of chips
51,thermostat temperature
52,kind of soda
53,
54,color
55,tin
56,
57,labels buttons
58,
59,sign
60,color
61,color
62,bottle
63,color kind of dog
64,screen
65,
66,arrow clock
67,video game model
68,kind of fish
69,foosball table
70,
71,cup
72,
73,kind of liquor
74,kind of soap
75,sound of music dvd dvd's
76,
77,
78,writing
79,captcha image photo
80,
81,beads charm
82,time
83,
84,pepper real diet brand
85,facts
86,video game
87,flavor
88,
89,
90,
91,expiration date
92,jar picture
93,
94,super moon
95,closet wall
96,kind of dog
97,meat
98,
99,kind
0,color
1,
2,great deal new app great help new service kind of bottle
3,flavor of Starbucks coffee
4,temperature house
5,color
6,
7,expiration date
8,keyboard model number
9,bottle
10,
11,box
12,TV
13,bread mix
14,
15,cooking direction microwave
16,
17,text
18,model number emulser
19,kind of snacks
20,
21,flavor
22,scale
23,
24,color
25,gonna app
26,box
27,
28,
29,different type of card state ID card Thanks
30,
31,crux bottle of aspal cider
32,
33,color
34,jeans
35,product
36,
37,
38,screen
39,tablets identifying information
40,
41,Color
42,product number Microsoft
43,color
44,flower
45,color
46,Color
47,
48,
49,
50,kind of biscuits
51,
52,color
53,
54,shirt
55,
56,
57,color
58,fragrance
59,
60,kind of cellphone
61,kind of dog
62,title book
63,type of food jar
64,
65,
66,microwave
67,bottle
68,great day microwave
69,magazine
70,
71,color
72,flavor
73,kind of drink
74,box
75,picture
76,
77,
78,
79,
80,
81,card
82,tea cup box coffee
83,record album
84,type of tomatoes
85,picture box
86,
87,baking time milk temperature mix
88,
89,computer screen
90,picture
91,color
92,Apple phone
93,
94,table
95,text
96,kind of plant
97,flat surface light medicine
98,type of meal
99,bottle
0,
1,color
2,filing cabinet
3,TV dinner flavor
4,card
5,product
6,instructions product
7,
8,page
9,flavor of cheese
10,picture
11,
12,color
13,picture
14,cars boxes
15,game
16,item
17,
18,title
19,
20,table
21,frozen meal box kind of pasta
22,page
23,type of medicine bottle
24,wrong camera brand of stereo face thing picture
25,
26,spice bottle
27,Google Street view image description picture bus
28,
29,chair
30,
31,expiration date bottle of sunscreen
32,color
33,kind of wine
34,label tub
35,directions package beats
36,logo vodka bottle
37,make model number picture wood tool shaper
38,album picture
39,type of keyboard
40,color beads
41,package
42,kind of watch
43,kind of drink
44,color ropes
45,kind of food
46,card
47,chocolate flavor
48,
49,brand of soap
50,
51,bye
52,kind of soup
53,
54,picture piece of fruit kind of chopper instructions
55,food
56,box
57,product
58,
59,cabinets
60,color
61,patch
62,fragrance
63,countries
64,microwave
65,box
66,Thermostat
67,stones
68,time
69,type of nuts
70,
71,color
72,box
73,
74,
75,color
76,works
77,product
78,box
79,place
80,magazine
81,
82,picture
83,flavor of cup noddle
84,color shirts
85,kind of table color
86,
87,label indication
88,bag of chips
89,direction pumpkin pie
90,type of bottle
91,color
92,seasoning
93,temperature dial way
94,biscuits
95,package label cooking instructions
96,
97,type of soup
98,sunscreen
99,sky
0,kind of bug
1,switch plate wall color
2,
3,picture
4,numbers barcode
5,color
6,
7,temperature
8,
9,shape cookie cutter
10,color shirt
11,color
12,label
13,photograph
14,
15,computer screen
16,bottle
17,color
18,box
19,box
20,dinner
21,bill
22,
23,
24,DVD
25,chocolate better angle tapioca
26,items
27,wireless key
28,ths product
29,
30,
31,item
32,Okay
33,style color
34,
35,kind of screen
36,
37,glass jar pasta sauce label picture
38,type of pills bottle
39,object
40,
41,kind of tea
42,tablet count bottle
43,
44,time
45,color
46,flavor soda
47,display
48,item
49,sunny outside
50,kind of chocolate
51,book
52,page number
53,store
54,
55,picture
56,item
57,document
58,
59,
60,captcha
61,flavor of crisps
62,scent of body wash
63,
64,label bottle
65,
66,type of hot pockets
67,color
68,picture
69,photo
70,
71,kind of computer
72,
73,object
74,sky storm clouds edge of space
75,flavor
76,container
77,
78,kind of chips
79,
80,kind of squash
81,
82,box
83,idea time
84,
85,picture
86,box
87,title
88,package
89,letters captcha image
90,kind of wine
91,
92,label
93,color
94,pants
95,RECORD KIND OF CAKE CUPS
96,picture black material gray
97,cup
98,screen
99,packet
0,
1,
2,
3,coupon
4,picture
5,sweater color earrings
6,expiry date yogurt
7,BIOS screen error messages temperature error boot workers computer thing
8,olive oil
9,photo
10,
11,
12,
13,
14,
15,color
16,
17,type of dog food
18,type of chicken
19,color
20,color bottle
21,
22,shirt minutes picture
23,
24,bottle
25,document
26,item
27,items
28,snack
29,
30,thing
31,t-shirt
32,tube
33,
34,
35,picture mat
36,color
37,color
38,color
39,package
40,
41,color
42,microwave
43,
44,
45,milk chocolate white chocolate
46,microwave
47,Janus kind of camera N-U model
48,
49,color
50,suit card
51,box
52,spice
53,package cooking instructions camera certain way tips
54,battery power ic recorder
55,
56,color
57,
58,flavor
59,kind of bug bite
60,bottle
61,information
62,type of apple
63,color
64,white line
65,product
66,answer math problem
67,flavor of cat food
68,kind of pop
69,box
70,clock radio
71,gigabytes
72,
73,beer coke
74,
75,FRECUENCY
76,
77,
78,instructions bouillon
79,jacks color
80,
81,
82,foundation powder sunscreen
83,buttons dryer
84,
85,
86,information business card email address
87,kind of coffee
88,
89,
90,
91,thermostat screen
92,expiration date
93,
94,label bottle
95,
96,flavor coffee
97,
98,
99,
0,picture
1,containers right
2,picture bracelet arm black onyx
3,dark pair brown pair dark tennis shoes color shoe laces Thanks
4,
5,exact label bottle
6,type of wine
7,color
8,brand fudge marshmallows
9,label
10,CD
11,
12,
13,color
14,
15,color
16,COLOR
17,t-shirt
18,box
19,orca serial number card way
20,kind of soda
21,dog
22,item
23,item
24,picture
25,fingers
26,
27,
28,
29,container
30,Robert Downy Jr kind of glasses
31,logo
32,model
33,kind of strings thanks
34,
35,
36,guy
37,brand of omelettes
38,
39,
40,Color
41,color
42,
43,movie best
44,packet CD
45,color
46,
47,
48,match
49,kind of object
50,
51,
52,kind of chips
53,color
54,
55,product
56,calories
57,
58,articles of clothing photo
59,color
60,
61,kind of condiment
62,
63,computer screen
64,item
65,
66,
67,brand of matches
68,box
69,
70,
71,
72,color clothes
73,
74,
75,album
76,screen
77,
78,
79,
80,
81,bottle coffee cream left right
82,color pants shirt
83,dvorak keyboard
84,time
85,
86,
87,
88,
89,piece of paper
90,colors
91,display treadmill distance miles
92,
93,color jeans
94,color cardigan stripes sort of shirt
95,flavor of green mountain coffee
96,kind of soup
97,title CD
98,color
99,kind of coffee tea
0,kind of chips
1,bottle
2,red box closer view Jambox speaker lines of print serial number
3,color
4,package
5,type of vehicle kind of vehicle
6,
7,
8,milk expiry date
9,
10,picture
11,
12,
13,colors
14,product
15,color
16,
17,
18,shirt color writing
19,black thing hat
20,picture
21,
22,color
23,
24,soap
25,bottle
26,flavor
27,buttons screen
28,whats screen
29,Diet Coke
30,
31,microwave
32,item
33,expiry date
34,
35,kind of dog
36,color
37,photo
38,
39,kind of soup
40,lines pregnancy test
41,logo
42,manufacture model number
43,
44,color
45,CD
46,information card
47,color skirt
48,
49,kind of soup
50,kind of mushroom
51,
52,answer problem
53,kind of printer
54,picture web workers card
55,color
56,
57,ointment
58,page number
59,color shirt
60,
61,calories
62,color bananas
63,hamburger meat sausage
64,
65,
66,
67,bottle
68,month
69,lights room
70,model of stereo
71,
72,
73,medication
74,kind of bars flavor
75,
76,flavor
77,
78,flavor
79,
80,label din
81,kind of chicken breasts words brand
82,
83,kind of coffee flavor
84,
85,perfume
86,bottle
87,item
88,screen
89,kind of yogurt ad worker
90,photo question
91,
92,wine
93,magazine
94,card
95,box
96,
97,kind of food product
98,color shirt theme Thanks
99,tonight
0,number
1,color
2,kind of soup
3,color
4,
5,shirt
6,box
7,color
8,
9,
10,color
11,
12,cup
13,package
14,color
15,artist
16,color
17,kind of popcorn
18,
19,money
20,almond butter jars
21,product
22,item seasoning
23,microwave
24,time people question picture wall
25,label spiral
26,
27,
28,carton
29,kind of camera box
30,
31,expiration date sunscreen SPF
32,kind of seasoning
33,color
34,
35,
36,Apple product
37,thanks
38,title book
39,
40,color
41,label
42,item colors
43,result test stick circle
44,kind of drink
45,
46,flavor
47,
48,
49,
50,
51,
52,bars
53,kind of rice
54,
55,camera box
56,following expression
57,
58,invisible Kool-Aid specific flavor label
59,
60,kind of drink
61,
62,thanks help captcha
63,
64,screen
65,
66,
67,
68,Chicken Tikka Masala rice
69,
70,
71,bag of chips
72,
73,cereal boxes cookie boxes kind of cereal
74,skirt question mark
75,
76,button
77,kind of juice
78,
79,
80,
81,
82,water hamburger helper milk
83,sugar
84,
85,case
86,
87,view
88,type of tea
89,
90,food envelope
91,
92,title CD
93,product
94,display
95,color
96,color shirt
97,sorry bags package
98,
99,
